abo,àbámẹ́ta,ààtàn,àádọ́ta,ẹgbẹ́,alágboòrùn,ẹ̀rú,sini,agidi,ijaagbara,adájọ́,àdúgbò,akápò,àlòkù,àlùgbè,àpọ́nlé,àṣekú,aṣòfin,ènìyàn,àfojúdi,alágbára,aperin,
ota,àbójútó,abala,abà,kúrò,agbèrò,deede,imõre,ìbílẹ̀,ìkẹjà,àdá,àdó,àpò,òkú,agbe,olá,asé,aṣo,ení,ijù,agbára,ẹ̀rin,sìn
ota,aboyún,abániwále,ìwò,ààntére,tiwantiwa,aládúgbò,èéfín,ròyìn,ìnákùná,ọ̀dà,adó,ọ̀pá,àlọ́,àgbẹ̀,ọlà,àṣẹ,ọ̀sà,ìyá,afọ́jú,àgbàrá,erin,
adájọ́,àbámẹ́takíkà,ààrò,abinibi,ipari,iye,ọmọlọlá,fífi,dá,ńmu,òdá,abọ́,apá,olú,agbè,ọ̀la,àsè,òsì,ìyà,akàn,àgbá,ẹ̀rín,
adániloró,àbàtà,abáni,abòriṣà,àgbákó,mẹrindinlogoji,olówóèlé,gbẹ́nàgbẹ́nà,irikuri,jíjẹ,ọjà,oba,àpá,ọkà,ẹ̀gà,olè,èsà,isó,ìyè,akin,àgbà,èrà,
adé,abẹ́òkúta,àbùkù,àbùjá,ńbu,nlèdí,bẹ̀rẹ,irinàjò,tòótọ́,ìgò,àjò,àbò,àpà,oká,ẹ̀bà,ọ̀lẹ̀,ẹ̀ka,ifo,iyè,ìkánjú,àràbà,àrẹ,
adé́bọ̀wálé,àbò,adáṣọ,àbúrò,eegun,kábiyèsi,lù,pẹ̀tẹ̀pẹ́tẹ̀,òṣèlú,olùkọ,ado̒,gbọ́,ángélì,ókù,ẹbu,òle,eku,òfì,iye,kánjú,àbàrá,ìpè,
adépọ̀jù,abori,ade,àdàmọdi,nsukun,ògùn,ìfihàn,nibi,le,tì,àjà,gbà,àní,àmọ́dú́n,abẹ́,ọ̀nà,èkú,òfin,ẹya,alámì,bàrà,ẹlòmíràn,
adóèkìtì,àdá,adébáyọ̀,adébọ̀lájọ́,tán,fa,lọ́mọdé,yẹ́,olóògbé,nítorí,àjà,àgbo,iná,ọdún,ẹ̀gbá,epo,èṣù,ọ̀fìn,ẹ̀yà,àlà,bárà,ìran,
àdúgbò,adarí,àdéhùn,adédèji,ìdòwú,yi,àìmọye,kekere,ìró,mọdi,ajá,àgbò,igẹ̀,adùn,ẹgba,àsírí,awakọ̀,àfin,ìyẹ́,àlá,agara,ẹran,
afọbajẹ,adébọ́lájọ,adelé,adeṣina,alántakùn,àárín,ewu,ńjalè,itẹriba,kìsì,àjọ,àgbà,ẹlẹ́ja,odù,ehoro,ìrì,ọkà,àfi,àyè,àmì,alárà,òràn,
àfojúdi,adépèlé,adìẹ,adùn,iléigbẹbi,fo,bu,ntán,oṣú,nkígbe,ọ̀ja̒,àgbá,èlé,eléwé,èrò,àìrí,ọká,ọ̀sìn,ayé,amí,àrá,òmíràn,
àgbà̀,adẹ́tẹ̀,adóèkiti,afárá,àrùnàtọ̀gbẹ,gbígbé,ólòdì,ọjaja,pamọ́,àdán,ẹlẹ́ja,àyè,ẹja,ewé,ẹ̀ro,ehoro,akọ,ìsìn,iyán,alágbàtà,ara,òmìrán,
agbójúlógún,àdúràorógbó,àfẹ́sọ́nà,àfarawé,ọ̀dọ́mọ̀kunrin,ẹ̀rù,ìrọ̀lẹ́,ìtẹ́síwájú,ina,ìdàgbà,èlé,afọbajẹ,ẹ̀jẹ̀,alágbẹ̀dẹ,òré,èrò,àwa,asín,ìyàn,ata,ará,
àgbọn,áfíríkà,àfin,àfọ̀njá,tẹra,ọdúnidibò,ijọsin,ṣàngó,gbòngbò,tútù,ẹja,ago,ẹ̀jẹ́,alágbe,òrò,ẹ̀rọ̀,ànfàní,ìfà,àtẹ,
àìkú,àgàn,àgbàgbà,iṣẹ́àgbẹ̀,ìjọ́sìn,fàyà,kásẹ̀,shagari,méjèèji,kíkọ́,ẹ̀jẹ̀,agọ̀,ajé,agbede,orò,ọ̀rẹ́,àna,òṣì,àlùmọ́nì,
ajé,àgbagbà,àgbájọ,àgbébọ̀,ẹda,fò,isún,fara,ẹ̀hin,ìwúre,ajé,àgọ́,àjẹ́,àgbẹ̀dẹ,dáradára,ọ̀rọ̀,àná,ifá,àga,
akápò,agbẹjọ́rò,àgbánreré,aigbọran,ọrùn,ọjọ́,àrọ̀,ṣọlá,ẹ̀gúsí,èdè,agbẹjọ́rò,ọfà,ekuasín,elegini,aràrá,oro,àní,alága,
àkàrà,agbójúlẹ́bí,àgbẹ̀,àìmoye,ṣu,wù,nfẹ,gbòǹgbò,gbóṣe,ẹ̀dẹ̀,alábòsí,ẹ́fọ́,ẹ̀sìn,ìgbín,rádaràda,ọrẹ,ifá,alàgbà,
akínkanjú,aguiyi,agbègbè,ààní,aláìní,edé,àjọbí,ìyàn,pupọ́,àkíyèsí,àbòsí,bàjẹ́,ẹ̀sín,ẹ̀gbin,abẹ,ọ̀rẹ̀,
abọ́,alábòsí,aimoye,àisùnòkú,pé,ta,aarin,aṣọòfì,joko,erin,adánilóró,abájọ,ẹ̀san,ẹ̀gbẹ́,ore,orò,
alágbára,ahoro,àìpé,àjàpá́,ọ̀wẹ̀kun,njale,yorùbá,ìní,pẹ̀lu,ẹ̀rín,ìlara,ejọ́,adébọ̀wálé,adóèkiti,
alágbàtà,àikú,amòye,ajílẹ̀,baálẹ̀,ìbàjẹ́,ìkóbìnrinjọ,ede,baṣọ̀run,òfì,olórò,ejò,adélébọ̀,èkìtì,
àná,àpà,àisàn,akoni,òfurufú,ọ̀mùti,ọ̀kánjúwàá,àkíyèsí,baṣọ̀run,ìgboyà,àdáni,agbójúlógún,adébọ́lá,akítí,
alágbẹ̀dẹ,àìmẹ́nu,àjálù,ajọjẹ,iṣẹ́ìjọba,báni,ilẹ̀aláwọ̀,ránaṣọ,ìbàdàn,rẹ̃,amáyédẹrùn,ògùn,agbòn,akété,
aláìnítìjú,àìmòye,ajimọbi,àkàkù,ọgbọ́n,iléàdúrà,pàntí,igbàgbọ́,sókè,gbó,ogún,
alámì,àjà,àkàlàmàgbò,àkọ́fẹ́,kejìdínlọ́gbọ̀n,lẹhin,idije,mọlẹ̀,ògúnwùsí,àdàn,ìgè,àgbọn,
àlòkù,ajagun,akáṣolérí,alaaru,akéde,dùn,bo,ọlọ́kọ̀,yókù,iléayẹyẹ,
àlùfáà,àjẹsùn,akátá,alábagbe,npọ,gbígbà,iléàpèjọ,ẹ̀rùn,mejidinlogoji,kọ́,
àlùgbè,àjọyọ̀,akintọ́lá,aládùn,ìjẹ̀shà,ὸhun,ńdúpẹ́,nidi,ọ̀ọ̀dẹ̀,ìsọmọlórúkọ,
àlùmọ́nì,akànṣẹ́,akiolu,àláfíà,lóyún,olúwádámilọ́lá,odẹ,ikẹtala,ọlọ́dẹ,yipadà,
amáyédẹrùn,ákẽke,àkọ́bí,àlàfo,ọlọ́lá,ọ̀dọ́,odó,npé,ọlọ́yàyà,ọrẹ̀,
àmín,akíkanjú,àkójọ,ọ̀sun,osùn,mó,mẹ́rindinlógún,àpárí,olùkọ́,kὸ,
àmọ́dún,àlà,àkọọ́lẹ̀,alàyè,míràn,mejidinlọgbọn,dànù,ẹranko,iwéàkọránṣé,
àna,àlá,àkúrẹ́,alẹ́,ogumefu,alápáńlá,mẹ́,bíbí,èṣù,mọ́lé,
ànfààní,alábùṣọrọ̀,alábójútó,àlè,lásá̀n,peni,májèlé,asojú,alẹ́,kalẹ́,
ángẹ́lì,aláṣọ,aládùúgbò,àlùfáà,ariwo,gbọ́dọ̀,àriwá,ninú,kògè,
àpa,aláyélúà,àrà,olólùfẹ́,oreọ̀fẹ́,tọka,dínkù,silẹ,ẹranàmúsìn,
aperin,aláyọ̀,ọgbọ́n,àmẹ́ríkà,wéréwéré,njìyà,òní,ndu,bọ,
àpọ́nlé,àlùbọ́sà,aláìsàn,àmin,kilo,ẹru,egypt,lọba,ńran,
àpótiamóhùnmáwòrán,ẹ́gbẹ́,aláró,amòfin,lẹ́hin,iwá,àyẹ́sí,ì̀bà,
àrẹ,èérún,aláyọ́,ani,àríkọ́gbọ́n,lórin,ọ̀fọ̀,alọ́wá,iwin,
arinmájàgbẹ̀,améyédẹrùn,amú,àpẹrẹ,imọ̀ràn,ènia,dinkù,ijù,
àṣekú,àmọ́,apàniyàn,arẹ́gbẹ́ṣọlá,solé,ìpàdé,lorí,ẹ̀gbẹ́,ipéjọ,
asín,àmu,àpèjọ,àrékérekè,ja,cameron,kọkọnla,òṣèlú̀,oṣ̀u,ileijọsin,
asinasín,amúòhùnmáwòrán,àpínfún,àárín,tun,sọnu,ẹbi,dé,agijù,
aṣírí,àpáta,ará,aró,fọwọ́,aláyé,òṣìkà,lójojúmọ́,ìsẹ̀lẹ̀,mọ́là,
àṣiri,àpèjúwe,ara,arò,gígúnàwòrán,õlogbe,bámi,òkòtó,jogún,odò,
aṣòfin,apẹrẹ,àrán,àròkọ,sìn,tù,iji,ọkọ,gbé,nda,
asojúoba,àpóti,aráyé,àṣa,mọ́ṣẹ́,iwọnkékeré,bẹẹ,ayaba,odó,
ata,aráilú,ariwa,asẹ́,àjùmòbí,ẹ̀rọisọ̀rọ̀,iṣẹ̀lẹ̀,bọkọtọ́ọ̀,wu,nṣọni,
atagigún,arégbẹ́ṣọlá,àríwá,àṣeyẹ,ọ̀la,ìlọ́po,kàndú,ọdẹapẹyẹ,ò̀kèòkun,mèji,
àtẹ́,ariel,ariwo,asín,ìyàwóọmọ,ńya,gbígbá,aláwọ̀funfun,agbe,
ati,àríyànjiyàn,àrùn,ataṣọmbọ,ọ̀le,oko,méjilélógún,dàápọ̀,ògb́ojú,lẹ́rú,
,àrọ́wótó,àrù̀n,atawẹ́wẹ́,nkankan,tà,adúláwọ̀,àgbàdo,àgbáye,mì,
awakọ̀,àṣàkasà,àṣà,àtìmọle,dákún,owò,ìgbà̀lódé,àṣetẹ́,
abò,awọ,asán,asábọ́rọ̀,àwáwi,jí,abẹ́lé,iwéorúkọ,ikùn,ńsọ,sharia,
àyà,àsáró,àsàjẹ,àwò,s,gbàdá,ìbàọmọ,àgbàwọ̀,ogun,olóriòṣèlú,
àyè,àṣẹ,àsálà,àwọ,ẹti,ali,òbi,àlejò,
àyíká,àṣehàn,aṣeni,aworan,ńbẹ,borí,olóró,òkúta,ọ̀nà,lóko,
ayọ,àsèj̀ẹ,àṣiṣe,àwòròifá,níbití,ìrìnàjò,ẹnití,akọ̀wé,gan,
bakare,àṣìṣe,asooke,ayégbẹgẹ́,dálu,òrìṣà,olóyin,èwo,akọ̀we,nitosi,
báwí,aṣọalaṣọ,àṣίrί,ayọ̀ọ̀kán,ògúnwùsi,awolọwọ,alábọ́dó,egúngún,òròmọ,fùfù,
bayi,asọ̀rọ̀mágbèsi,àtàtà,bàbáàgbà,pàdánù,àibìkítà,ọ̀wọn,jẹun,
bayiàìkú,asọ̀rọ̀mágbèsì,àtẹsẹ̀bi,bàbabàbáọmo,ọ̀nàkọnà,ayọ̀ọ̀gọ̀pẹ,mẹsan,pãnu,pọ́njú,alákọ̀wé,
,àsọtẹ́lẹ̀,àti,bàbákérésì,ọlọ́tí,ibile,jáde,yẹ̀,ṣ̀e,ṣàṣe,
,àtijọ́,àtijọ́,babátúndé,eran,àrò,guusu,àjùmọ̀bí,àjànàkú,àyíká́,
bẹ̃bẹ̃,àtijọ́kílí,àtọ̀hún,batala,alágbàṣe,ao,fila,mọ́,tó́ó,
bẹrẹ,àtìlẹhìn,àwàdà,báwá,igbèsi,lọ́rùn,àìkú,epoòróró,ìbòròpaàkókó,dání,
bérin,àtọwọ́dá,awólọ́wọ,bawo,jẹ̀jẹ́,nsọ̀yà,aláwo,mímu,kẹ̀,tọ́mọ,
beyioṣe,awọn,àwọn,bẹ́,mímọ́,ẹiyẹ,ọkọ̀,bayé,tohun,eso,
bìkίtà,áwọn,àyànfẹ́,bẹ̀,bẹ,agége,otitọ,àti,lọ̀fun,nílélóko,
bò,àwòrán,àyìká,béè,kánjú,iresi,lọwọ,abẹ́,fẹ́,kíkọ,
borno,àyẹ̀wò,ayo,bèrè,ẹ̀jẹ̀riru,ẹgbàálemẹ́rìndínlógún,aiyé,ẹnu,niṣẹ́,‘ìyáálé,
buba,ayọ́mọọ́lẹ̀,báa,bibọ,ọlọ́mọ́là,olígèsan,òpópónà,ayọ́kẹ́lẹ́,
búburú,bá́,bẹ́ẹ̀,binú,akinsanya,lápọ̀n,nra,ngbẹ́,ọ̀rọ̀,apejuwe,
burú,babangida,bere,bó,iṣẹ́oṣù,gbin,ipa,ìpasẹ̀,ọ̀sanyin,bayiará,
china,bàjẹ́,bẹ̀rẹ̀,bọ́,mú̀,gbàrùnbọ̀,togo,kẹrindinlãdọta,aanu,gé,
dà,bẹẹbẹ,bikità,bọ̀,alade,ibùdókọ̀,omijé,réwèlè,ajà,ọgọrunlemẹsan,
dáni,bẹ́fọ̀n,bora,bọ̀lọ̀jọ̀,dijú,nrán,wé,sódì,láburú,oreọfe,
daradara,bibeli,bori,bópẹ́,boston,ílú,olólùfẹ́,àgbàrá,il̀ú,elliot,
dáradára,bimọ,bú,bọ́yẹ́,joao,èso,ṣọ́,npa,rọ́pò,sín,
dele,biṣùgbọ́n,bù,burundi,ọjọ,orúko,ọgbà,bíi,
diẹ,bọla,buhari,bùṣán,bàbà,aṣẹ̀,dẹhin,ìgbẹ́,oṣù,kàka,
díẹ,bọli,búra,chinua,kọkàndinlogun,òdòdó,keresimesi,dé́lé,palestine,salaiye,
dọ̀,bóró,cacius,com,nni,‘lé,òni,kọkọ̀nlá,south,ò,
dode,búrẹ́dì,daabo,dára,rẹrin,onírú́urú,yára,tógbòde,mẹ́tàlélọ́gọrin,olóògbé,
ààbò,dúró,burúkú,dahun,dári,ìjẹ́wọ́,máyé,dylann,dẽde,àtúnṣe,wòye,
ẹfọ̀n,bùṣe,dákẹ́,dàrìnàkò,iṣẹlẹ,bẹbẹ,akintide,ọ̀rùndínrínwó,
ẹgbàálemẹ͂dógún,bi,dákúdájí,déjì,àga,àṣírí,ohunkohun,iléìjọ́sìn,gigun,ìyẹ́,
ẹgbãlemẹdogun,charlie,dárúkọ,delé,ãnu,kẹrinla,pe,àkọ́dá,tunṣe,dura,
egbalemetala,da,déji,dénú,ẹlẹ́dẹ̀i,ṣeni,moṣétán,fã,jígbé,òkìkí,
ẹgbãlémétàlá,dakẹ,dí,dide,kíyèsára,idariji,ìkíni,papa,
ẹgbẹgbẹrun,dán,dibò,didin,lẹ́ẹ̀kan,nwọ̀,gbàgede,tagbalagba,bùkátà,
ẹ́gbin,dáyé,din,dinku,gbẹ̀gìrì,loògùn,ilọsiwájú,àlùfã,silẹ́,kòri,
ehoro,de,dinlọgbọn,dipo,yẹni,titobi,pelka,jẹ̀,
ẹjẹ́,déédé,dọlá,dọṣẹọ̀rọ̀,nwọn,fẹlá,mẹ̃dógún,dábẹ́,wọnyi,àdirẹ,
ekuasin,di,donald,ebenezer,iyè,ẹgbãlemẹ̃dogun,obirin,ìjọ̀gbọ̀n,akíntọlá,lọgọrin,
ẹlẹ́bọ,dídà,dudu,ẹ̀bi,dojù,ìṣubú,èérún,ẹ̀sìn,ọ̀pẹ,fọlá,
,dìde,dúpẹ́,ẹ̀bùrú,ńkúrò,ẹ̀kúnrẹ́rẹ́,ohunkóhun,muammar,oṣu,wõli,
ẹlẹ́ja,didun,ẹbọ,ẹ̀dẹ́ẹ́gbãlemẹ̃tadinlọ́gbọ̀n,mọ́tọ̀,ìpalára,gbénàgbénà,àsìkoì,nipari,ngbòrò,
elési,digbà,ẹ̀dá,èébú,odidi,lati,brẹ̀rẹ̀,ọ̀fun,afọ́jú,fòwúrọ̀,
eléwé,dìgbà,ẹdẹgbaalemẹrindinlaadọrin,ẹfi,baa,lẹ́nu,bibi,ètòòṣèlú,
elomiran,dìgbóṣe,egbàálémẹẹdógún,ẹfòn,oníyàwó,wẹ́rẹ́,ẹ̀dùn,inú,gúsù,alufa,
ẹlòmiràn,dindin,ẹgbãlemẹ̃dógún,ẹ̀fọn,íya,rilwanu,lὸ,tọ́,ìbí,hall,
ẹlòmíràn,dó,ẹgbãlemẹtala,ṣedádúró,dájú,back,afẹ́fẹ́,dìmọ̀pọ̀,àfẹ́sọ́nà̀,
ẹmu,dọ̀gá,ẹgbẹ́òṣìṣẹ́,ẹgbàálemẹ̃dógún,ẹgbã̃lemẹtala,joàwọn,mẹ́ta,brazil,gbèrò,bẹnibẹ́ẹ̀kọ́,
ẹní,dójú,ẹgbẹ̀rúnméjì,ẹgbẹgbẹ̀rún,lèlo,ìmọ̀ràn,ṣorire,lára,igbóyà,ìyá,
enia,dórí,ẹgbẹrunmejilemẹtala,ẹgbẹ̀rúnméjìlemẹtala,ìtura,ẹ̃dẹgbẹrin,funfun,ẹ̀dín,nmú,odò,
ènìyàn,du,ẹgbẹ̀wálemẹrinla,eji,ọ̀sè,tá,ibikibi,ológbò,ke,ònìkàlùkú,
ẹpọnsi,́ẹ̀,ẹ̀gbọ́n,ejigbo,àbẹ̀tẹ́lẹ,àmbọ̀dé,ìbánisọ̀rọ̀,àpadàwáyé,
èrè,ebè,èké,èkìtì,leji,onibara,òpópó,sè,òyìnbó,ewùrà,
eréìbílẹ̀,edé,eko,ẹlẹ́nu,iwakuwa,ai,ilẹ̀kùn,fáṣọlá,ogúnlọ́gọ̀,
ẹ̀rẹ̀kẹ́,edè,èkó,ẹlẹri,ju,níwájú,dẹ̀hin,ìṣẹ̀dálẹ̀,
ẹṣọ,ẹ̃dẹgbẹta,ẹkọ,eleru,ẹgbàálémẹ́tàdinlógún,õjọ́,aye,bẹni,david,ọ̀kẹ́rẹ́,
ẹ̀sọ́,eèpo,eku,elizabeth,olõgbe,ìgbà,tẹlẹ,didùn,igbésí,oṣó,
ẹ̀sùn,ẹfun,èlé,ẹmuọ̀pẹ,lọbọ,imọ̀le,àméríkà,iléọlọ́rọ̀,ẹgbàálémẹrindinlólgún,irù,
ètìtù,ẹgba,ẹlẹmi,ẹniti,ẹ̀dẹ́ẹ́gbãlemẹ̃dógún,káàbọ̀,logùn,balẹ̀,rírà,abéòkúta,
ètò,ẹgbãlémẹrinla,ẹlòmíran,epooyinbo,ìjábẹ̀,ńlá,òbí,irọ́,àjẹ,alangba,
ẹ̀wẹ́,ẹgbẹ,ẹmi,epopupa,mẹ́rinlélógún,àlòtúnlò,ida,iléiṣẹ́,òjíṣẹ́òṣèlú,npèsè,
ẹwọn,ẹgbẹlemẹrinla,eó,eporọ̀bì,lafi,ìyàwo,wà,lékeléke,ọ́mọ,iyebíye,
ẹyẹlé,ẹja,ẹran,ẹ̀rín,aráọ̀run,nίgbàtί,orukọ,iwékikà,jina,ìlu,
fẹ,ẹ̀jà,ere,èrò,maṣe,kiki,leti,‘omi,
fẹ́lẹ́,ẹjọ,ẹ̀rọ,ẹrọ,àwùjó,eṣú,iléìfowópamọ́,alakọbẹrẹ,iléepo,àgùntàn,
fẹran,ekiti,ẹrọisọ̀rọ̀,ẹrú,ọgọrun,ipamọ́,àbàwọ́n,fẹmi,ẹlẹ́sẹ̀,àjò,
fẹrẹ,ẹ̀kọ́ìlàjú,eru,ẹrù,àṣá,sọtọ,èlò́,ìdáríjì,pariwo,tí,
fífọ,ẹlẹkọ,èrú,ẹ̀rùn,tannijẹ,rọ,ọ̀mọ,ńjabọ̀,yè,kọla,
fin,ẹlẹ́sìn,èṣúpòfo,ẹ̀tẹ̀,ọ̀rẹ,ṣa,lọbẹ,ndiku,mbọ̀,ilé,
fún,ẹlẹ̀tàn,ètè,ẹwa,yẹ̀yẹ̀,ṣoni,polongo,fàdíya,nípa,ńbàjẹ́,
fúnká,ẹniitàn,ẹ̀tó,ẹwà,ẹ͂kan,lójú,po,marunlelọgọta,jálu,ìkejì,
fúnmiláyọ̀,èniyàn,ẹ̀tọ́,ewédú̀,lọ́gbọ́n,mbàjẹ́,ọ̀̀pọ̀,aláwọ̀dúdú,oogun,ibànújẹ́,
gaàrí,ẹnudéẹnu,ẹ̀wà,ẹwẹlẹ,gbóyèga,mẹrinlelogoji,tẹ́lẹ̀,mọ́kàndinlọ́gbọ̀n,ìtúsílẹ̀,yan,
garawa,epo,ẹ̀wẹ̀kún,ewúrẹ́,lọ̀,àtẹ̀gbé,ọjà,imọ̀,dinlọgọrun,bára,
gbà̀,esupofo,ẹ̀wọ̀n,ẹ̀ya,ìdájí,itan,bá,ẹ̀kọijinlẹ,dúdú,másikù,
gbáláhú,ẹ̀tàn,ẹyẹ́,èyaǹ,ọkọ,ọmọlẹ̀yẹ,pátápáta,oniṣẹ,kún,rara,
gbigbá,ewọ,ẹyọ,ẹ̀yin,libya,dairo,ìpolówó,ọbafẹmi,nná,mike,
gbigbà,ẹya,fela,fàkẹrẹ,àwa,ràjò,kòtò,kiri,
gbigbé,èyi,fẹ́rán,fẹ́rẹ́fẹ́,kúti,an,fila,mọ̀,nkú,
gbigbẹ,èyí,fẹ́ràn,fí,irànlọ́wọ́,ẹ̀rọalántakùn,ìyàlẹ́nu,ibere,
gbimọ̀,faure,fẹsẹ,fifi,lọyin,ajínigbé,wà̀,tantan,yàtọ̀,ṣòro,
gbìyànju,fẹ́ra,fìlà,fihan,òkùnkùn,ìnọ̀mbàaaàyipadà,bã,òriṣà,leekan,oló́rin,
gbobo,fojú,fiyà,funra,olikoye,ọhun,oriṣi,ṣọn,ògúnná,ìmúlò,
gbọmọ,fòní,fọ́,fúrnmiláyọ̀,àsikò,ìbíle,sẹ́ni,ipá,ibã,sílẹẹ̀oṣí,
gbowó,fọwọ,fọ̀,gbangba,ọmọ́,to,nikan,gọ̀pẹéré,ẹkún,gẹ,
gbusi,gbaa,fon,gbànja,síná,ṣe,monomono,wãsu,ẹgbàálémẹ̀rindinlógún,kérésìmesì,
gẹ́gẹ́bí,gbàgbé,fọ̀nà,gbẹ,àjàkálẹ̀àrùn,laaye,nigeriabi,nyabọ̀,òṣìṣẹ́ijọba,ob̀nrin,
gèle,gbàsè,fori,gbẹìbà,pẹnu,àtẹ,bùkún,ikẹja,iwọ,ẹ̀bunọlọrun,
gidi,gbégbá,fura,gbẹ̀kọ́,ẹ̀jẹ́,lojú,ọkọ́,iyàwóilé,ńja,bọ̀dìdẹ̀,
gigún,gbérí,gbá,gbeni,́o,lẹmejiolóògbé,ija,ìyawó,láyà,tolèfi,
gigùn,gbéyàwó,gbayí,gbéra,yorùbá́,àkóbá,rọrọ,iyẹ́,
gógó,gboajá,gbayì,gbéraga,ọ́dun,ṣẹlẹ̀,hẹ̀rẹ̀huru,ìyáàgbà,dalston,tijú,
gómìnà,gbọmọgbọmọ,gb́e,gbére,àmun,crowther,lárugẹ,pọ́n,nlò,uṣu,
góm̀nà,gbọ́n,gbẹ̀hìn,gbi,oníwà,àilera,àjogúnbá,tọ,aláìní,adébọ̀wálé,
gop,gbóná,gbèjà,gbígba,ṣètò,abẹtẹlẹ,náà,nga,yahia,lẹsẹ,
gowon,gbónọ́,gbẹndu,gbo,jijẹ,ẹlẹ́tàn,àjoṣe,kọkàndinlógún,ànjọ̀nú,sί,
gúnyán,gnassingbé,gbèrú,gbọ,meji,ta,fúnra,ìrẹ̀wẹ̀sì,yara,oluwadare,
hà̀n,godo,gbiyànjú,gbọn,tótọ́,àṣe,sọ́runéré,alhaji,ọpọ,rírin,
herehuru,gudugudu,́gbìyànjú,gbòrò,nigbà,ọsin,mandarin,lo,èsun,ibà,
ibàjẹ́,han,gbòde,gẹgẹbi,méjidinlógóji,allibalogun,jagun,ibùdó,
ibeji,ìbànújẹ́,gbógun,gidigidi,rọrùn,ìgbín,lẹkan,àgbẹ́kẹ̀lé,èédú,ìsàmì,
ìbẹrù,ìbẹ̀rẹ̀,gbọ́láhàn,gogoro,yẹra,kankan,sílẹ̀àdúrà,bọ̀rọ̀,itàn,
ibiyẹmi,ìbẹ̀rù,gbọ̀n,gó́́mìnà,kámá,eléré,ntẹpá,olóògbé́,
ìdí,ibikan,gèsan,goodluck,ṣúpó,niẹni,oníkálùkù,ìyaalákàrà,yorὺbá,ẹ̀fọ́,
ìdì,ibilè,giga,hàn,nigbàti,mẹrindinlaadọrun,aṣèbàjẹ́,ãpọn,kajọ́,marun,
ìdíwọ́,ibilẹ,google,hí,jimi,àkọ́kọ,ìhámọ́,meta,orin,òṣel̀ú,
ìdùnnú,ibilẹ̀,gúgúrú,hillary,ayọ̀ọ̀wẹ̀kun,ọlọ́mọlólayé,wọ́n,awólọ́wọ̀,ńwá,ọya,
ifẹ̀,ìbílẹ,gun,hun,lọ́,olúìlú,ẹ̀kọ́,iléìwé,túmọ̀,nílẹ̀,
ifọ̀kànbalẹ̀,idájọ,hannah,ì,kẹrindinlọ́gbọ́n,ikún,ebitu,àtijọ,́tó,nípaṣè,
igbádùn,ìdájọ́,híhó,iba,àtúntò,wàrà,ijẹṣa,ìsìnkú,iránti,pàtàpàtà,
ìgbàgbọ́,idilé,hosni,ibáṣepọ̀,gbọ́njú,ránni,àṣàyàn,kẹ́,olóri,ẹ̀gbin,
igbàlódé,idilè,hὺ,ibi,aiṣe,aigbọ,ara,chibok,aláwọdúdú,
igbàyi,ìgbádùn,hὺwà,ibinu,studentsyorùbá,ológun,tọ̀,lóde,aṣojúọba,nji,
ìgbẹ́,igbalémẹ́tàlá,í,ibo,ìṣò,ayọdele,ọ̀pọ̀lọpọ̀,põ,
igbẹhin,ìgbẹ́kẹ̀lé,ìbàdàn,ibùdókọ,berry,àfi,isà,ṣòfò,olóriawo,bẹ͂ni,
ìjìnlẹ̀,ìgbésí,ìbàẹni,ibùgbé,bìkítà,ilàlóye,ndá,òyinbó́,adebọlajọ,ipèlé,
ijoko,ìgbéyàwó,ìbàyorùba,ìdárò,bẹ̀rù,leaderskò,paá,ẹgbãlemẹdógún,gbìrín,nira,
ikẹhin,igbin,ibẹ̀,ìdíàgbọn,ji,ìṣekúṣe,atarodo,
ikeigbèsè,ìgboiyà,ìbẹta,idile,tirẹ̀,meka,ìṣàkóso,
ikeìyáwó,ihò,ìbò,idúpẹ́,ọmọbinrin,ìgalà,nwọle,sunkun,
ikilọ,ì̀bò,ìdúróṣinṣin,òko,ọ̀kan,iko,túnse,
ìkókó,ijánu,ibòji,ifọkàn,adéyẹyè,ọlọrun,nse,adékúnlé,tẹ̀lé,ìyà,
ìkọ́kọrẹ́,ijáyà,ìbọn,ìfura,rauf,àsè,ihùwà,nrè,marundinlọgbọn,ìkòyí,
ikú,ijẹun,ibrahim,ìgbéga,kooro,yarọ,délé,ẹsẹ,agbára,méjidinlọ́gbọ̀n,
ilédè,ì̀jọba,ibùkún,igbẹ́gburu,pani,clinton,láàyé,jẹ,ó̀,
iléiwé,ìjọbaalágbádá,ìdàpọ̀,igbẹ́kẹ̀lé,lẹ́sẹ̀,kìka,gbígbónọ́,palẹ̀mọ́,rẹ́rẹ́,ré,
ìlọ́wá,ikánjú,idibo,ìgbéraga,túmọ,malu,lapapọ,òógùn,kópa,mejeji,
iluọba,ìkárọ̀,ìdùn,igbéyàwó,gbee,kúrò,mẹrindinlógún,dandan,àdáyébá,àrù́n,
imúra,ikórè,ìdúró,ìgb́eyàwó,dari,ìgbẹ,cameroon,tó,méjì,títà,
inákuná,ilaoorun,ifẹhinti,ìgbọ̀nsẹ̀,fúyẹ́,àfọwọ́fà,rẹbàbà,yàtọ,lilo,sọ́na,
inámọ̀nàmọ́ná,ilara,igba,ọ̀yà,yùngba,gbígbẹ,ẹ̀kún,baba,tíwọn,bí,
ìnọ̀mbà,ile,igbákeji,ìhìnrere,àdìrò,igi,onimọ̀ràn,ńyá,
ipasẹ̀,ilé́,ìgbàlódé,ìjẹ̀búòde,ńṣọdún,ikeiyawo,etílé,nhuwa,alaisan,apànìyàn,
ìpèsè,ilẹ̀aláwọ̀dúdú,igbe,ìjọ,nkanju,a,igboro,ògùnpa,kúrò́,ọ̀yàyà,
ìrẹ́jẹ,iléapejọ,ìgbésẹ̀,ijù,kọ́mọ,ìṣẹ,sán,kànga,ajẹran,léin,
ìrẹsì,ileiwé,ìgbésiayé,ikarawun,adéyẹmi,lẹẹkan,òjò,‘bi,sáède,mido,
ìrúbọ,ileiwosan,igbo,ikõkò,akéwìorin,mobojú,ńyabọ̀,ìṣe,
ise,iléọkọ,igbó,ìkòkò,iṣẹ́ọwọ́,iwéiroyin,oúnje,npè,mẹrinlélógún,ájẹ,
iṣẹàgbẹ̀,iléọtí,ìhà,ìkọ̀léèkìtì,lọ́mọ,ndùn,àgbo,lami,òfìfo,ìgàn,
iṣeju,ilúọba,ìjá,ikómọ,ọmọ́dára,lawal,dideolú,sími,amanda,
iṣéjú,ìmọ́tótó,ìjà,ikù,lohùn,sínú,òtitọ́,táó,
isọ̀,imú,ijamba,iláàsèpọ̀,oníṣé,ṣi,ataijọsin,kórí,ẹ̀hìn,owo,
ìta,ìnáwó,ìjàpá,ilélóko,ọ̀yó,ifi,lu͂,dún,lẹ̃,òkèère,
ìtẹ́lọ́rùn,io,ije,ilera,eṣubiyi,ẹ̀pà,ikan,àjẹ́,
itumọ,ìpamọ́,ijẹbu,iléri,ènìyaìn,kíkó,ládipọ̀,igbésẹ̀,aláwọ̀,gbèrìgbè,
ìwàásu,ipele,ìjẹ̀ṣà,ilẹ̀riru,ọmọlúwàbí,ìdúpẹ́,mofẹsẹ,nίṣu,parun,takò,
ìwé,ipinlẹ,ijinlẹ,ilúoyinbo,òórùn,ìmọràn,iya,njá,òjíṣẹ́,sita,
iwéẹ̀ri,ipòdà,ìjọbaàpapọ̀,imanueli,ewé,gẹ̀ẹ́sì,dáhùn,arin,bọ̀wọ̀,npọ̀,
iwéogún,iran,ikáwọ́,ìmòkè,tità,ti,pi,achebe,àyípadà,trickster,
ìyá̀,ìrànlọ́wọ́,ikẹrẹekiti,in,ìgbò,àrẹ̀mọ,ijọba,àtẹ̀lé,àgbèrè,jaini,
iyànjú,irànti,ikòkò,ináwó,lugard,ńkọ́,idi,àmẹ́ríka,ìṣeré,yo,
ìyanu,ire,ilá,ipalẹ̀mọ́,mẹtadinlaadọta,idájọ́,olúṣẹ́gun,alaga,tabi,ọ̀tá,
iyàwó,ìrètí,ilà,ipaniyan,isiaka,olóògùn,òkèọya,adéọlá,bàbánlá,ẹni,
iyọja,ìrókó,ilẹ,ìpànìyàn,ẹjagbígbẹ,igbalode,kọwa,kakiri,kẹjọ,kádàrá,
jain,ìrora,ílé,ìporúkodà,olonje,àgbàfọ̀,ewe,ńrin,jalè,mágùn,
kàdó,iròyin,iléẹjo,ìporúkọdà,àṣefín,iyuná,tootọ,ibọn,ìwáìdí,kíló,
kàn,iṣẹ́ajé,iléifowópamọ́,ìran,òróró,mbẹ̀,taràrà,sin,ẹ̀rọ́,leṣe,
kárí,ìṣẹlẹ,iléiṣẹ,irọ̀rùn,ọlọ́dẹ,gbani,rigby,òtútù,
karun,isọmọlórúkọ,iléiwè,ìséde,kejì,nbe,‘ilọsiwájú,ìkàwé,sọnú,ńgbe,
karundinlọgbọn,ìsòro,ìlọsíwájú,ìṣirò,pà,iléikẹransi,ọ̀wọ́n,wọnọ̀pọ̀,iyawo,i,
karùndinlọ́gbọ̀n,ìsọ̀rọ̀,ìlúoyinbo,islamic,ọta,dárò,ọfọ̀,sẹ,ọ̀daràn,lóhun,
kẹdogun,ìṣòro,ìmàdò,ìsọmọ,áwùjọ,gbadura,wọnyigómìnà,níjà,ndarapọ,ebele,
kẹ́dùn,ìṣò̀ro,ìmọ̀,ìtẹ,mimiko,iràkurà,ijiya,ojúkòkòrò,yẹ̀yẹ́,wọ́pọ,
kejila,itiju,ìmófo,iti,adájọ,iwémẹfa,atẹ,omidan,
kẹjọọdún,ìtòsí,ìmúra,itijú,lilọ,lérí,ran,oyé,ìwàagbára,gbọingbọin,
kékeré,ìtum̀ọ,ìná,iújà,ìlù,ita,bakan,la,pekham,àrọ́wọ́to,
kẹ́mi,iwájú,ìpanu,iwa,lilò,aṣo,pa,ọlọra,mbẹ,dáàbò,
kẹsan,ìwè,ìpayà,ìwàalẹjẹtan,mọ̀mínmọ̀ẹ,hùwà,ọ̀sanyìn,kọrinbi,ijó,gẹ́gẹ́bi,
kẹsanọdún,iwéàkọránṣẹ́,ìpolongo,iwe,nwá,gẽre,agbájé,obì,aabo,ilú,
kẹtàdínlógún,iwéìròyìn,ìrèké,ìwo,pàgọ́,‘ná,ilẹ̀,àṣeyorí,ireti,àná,
kété,iwémẹwa,irònú,ìwọ̀,ririn,wòsàn,andy,kọ̃,gbàgbọ́,ọgọrundinmarun,
ketí,iwọntunwọnsin,ìrònú,ìwọ̀nba,meje,mandele,ẹ̀rọasọ̀rọ̀mágbèsi,afínjú,elòmíràn,mọ́kàndinlãdọta,
kìjikìji,ìya,ìṣéjú,ìwọ̀ntúnwọ̀nsì,jibiti,bínú,gbogbo,ńlé,‘olóri,mọ́inmọ́in,
kíkí,iyáàgbà,iṣẹ́oko,ìwọ̀oorun,ajayicrowther,venezuela,kerinla,eporọ̀bi,bẹ̃ni,titunni,
kikó,iyáọkọ,ìṣílé,ìwúyè,òjòlá,kukuru,onílù,nsọfọ,bojú,onilù,
kikọ,iyàtọ̀,is̀irò,ìyànjú,fájuyi,ìṣẹ̀lẹ̀,kẹfa,kẹfà,ẹgbẹ̀rún,akínwùnmí,
kìlọ̀,ì̀yàwó,ìsọ̀,iyì,òkú,ẹ̀ka,aládurà,àjàpa,ẹrọ̀fọ̀,ọ̀pọ̀,
kó́,iyebiye,itẹdi,jábọ́,fayoṣe,onigbàgbọ́,ìyàtọ̀,lọ́run,ẹ̀ṣẹ̀,lèṣe,
kọjú,jagunjagun,iwá́jú,jàndùkú,hugo,olórin,nri,ìnira,‘ẹ̀ṣẹ̀,adigunjalèọmọ,
kọkandinlọgbọn,jaji,ìwẹ̀hìn,jẹ̀kọ,olóye,oníjìbìtì,iyà,méré,congo,sẹ́hìn,
kókó,jáwọ́,iwọn,jin,gbádùn,pípẹ́,alágbèrè,onígbèsè,ọsanyin,lõre,
kọ́kọ́,jẹjẹ,ìwọ̀õrùn,jiya,olori,láìpẹ́,indiaki,àpapọ̀,àsìkò,obey,
kọ́lé,jesu,ìwòsàn,johnson,ẹlẹ́mu,ẹ̀ṣọ́,ifẹ́kufẹ,fálànà,ikà,ìrántí,
kọni,jìyà,ìwúrí,kágbá,iwadi,kàkà,wewu,ìwà,òbùrẹ́wà,sèsé,
kósi,jọbainú,iyàn,kãkiri,ọdọ,ayé,ayẹyẹ,jẹ̀díjẹdí,inira,eégún,
kòsí,jọwọ,iyọ̀,kári,inákuna,juwe,gẹgẹ,nsọnu,
kun,jú,janlẹ̀,kèrègbè,alawo,èdè,orifí,bẹ̃,oníṣègùnọmọdé,láayé,
kútì,jù,jẹ́ki,kéréjù,èkìti,eyi,ọ̀na,ẹlẹsin,ọnà,akinwunmi,
là,k,jìbìtì,kẹrin,òrùlé,àini,agùnbánirọ̀,ọmọkùnrin,lọkọ,àtisùn,
lagbaye,kán,jija,kẹrindinlaadọta,àyànfẹ,tètè,ẹgbàálémẹ́rindinlógún,àyiká,muhammad,táyé,
lai,kànrìnkàn,joseph,kẹrinlá,fàdákà,lẹfun,ọ̀dájú,ọ̀kin,alásè,ilúòyinbó,
làjà,karundinlọ́gbọ̀n,jura,kẹtàlélógún,kòríkòsùn,fi,bi,sagari,gba,kọ̀,
lãrin,káyọ̀dé,jίṣu,kẹ́tẹ́kẹ́tẹ́,àṣẹẹ̀gẹ́,lágbára,ọmọba,ooru,asánbàǹtẹ́,rọ̀bi,
lẹbo,kẹẹrẹ,karaun,kingsland,attahiru,padà,tómú,gboyè,aadọrin,pin,
lédè,kejìlélógún,kátó,kóhun,padà̀,olókìkí,síni,wòran,kanu,wọ́pò,
lee,kẹkẹ,kàwé,kọkanla,ọ̀pẹ̀òyinbó,idibò,marunlelọgọrin,naa,dáríjì,
lèjàjù,kékèké,kébòsí,kọkànlá,bẹ͂,sijúwadé,uk,pàdé,ìtọ́jú,abamo,
lẹmu,kẹlẹkọ,kejidinlãdọta,kọkànlélógún,pẹlu,òfinòṣèlú,ìlúòyìnbó,ìwọ̀n,ijàmbá,
lẹni,kẹnu,kejidinlọgbọn,kọ̀lọ̀kọ̀lọ̀,tita,alexandria,wá,lὸdì,aṣọ,dipò,
lere,kẹ̀rẹ̀kẹ̀rẹ̀,kejilá,kọ́ri,pẹpẹ,igún,aṣòfinàgbà,aladugbo,ẹójò,mko,
lẹ́rẹkan,kewa,kéré,koríko,ọpẹmipọ,ṣùgbọn,ike,ńgé,
lẹrin,kia,kẹrẹ,kòsíwà,lílò,olõgunolóró,ẹbo,toẹ̀rù,iṣekúṣe,àjòjì,
lero,kii,kẹtaleladọta,kuro,ògùn,awólówọ̀,lives,aaye,àgbáyé,alágbádá,
lẹ́ṣin,kíkù,kíkẹ́lọmọ,lábẹ́,ayékòótó,agbada,àbẹ̀tẹ́lẹ́,idámarun,ọpẹ́,nle,
lẹ́wà,kọ́gbọ́n,kikọ́,lãdugbo,èdùmàrè,àṣà̀̀,nṣẹlẹ,
lòdi,koko,kiniun,laipẹ,ìlú,gbẹ́mu,ìtùnú,òwúrọ̀,ẹ̀yẹ,ọ̀pá,
lọ́dọ̀,kólòlò,kìnìún,lanwo,gbalẹ̀,abd,irẹsiọlọ́bẹ̀,mẹ́jọ,ajónirun,ìjẹṣu,
lólè,kómọjade,kìtà,lápapọ̀,clayàti,ajẹ̀fọ́,àròsọ,&,eledumare,níwọnba,
lọmọdé,kọnà,kó,lásìkò,ribiribi,ẹlẹ́rù,olúlànà,ẹ̀kọkikọ́,ògì,èto,
lọrẹ,kọ́nà,kò,lèda,ṣowó,ọrẹàánú,ba,oselu,lọìbà,nṣẹ,
lori,kọ́wa,kọ,lèhù,pẽ,lẹ́rọ̀,ìbàjẹ́,aadọrun,
lórí,kú,kókò,lẹ͂kan,ifẹ́,aṣe,ńdá,ọj̀ọ̀gbọ́nàgbáyé,pápá,ògbójúọde,
lórúkọ,kù,kọ́ṣẹ́,lẹkki,ìtẹ́,gbó,ẹgbẹ́,ọ̀làjú,mẹrin,olùpalèmọ́,
lọ́sẹ̀,kũ,kùnà,lélógún,òminira,àwọ̀,yàá,kabila,gbà,arugẹ,
lóye,kuti,kunrin,lèmọ́mù,lajú,iwà,àdògán,ọ̀dalẹ̀,abájọ,adágún,
ma,laarin,kί,léṣe,mókè,olùbágbélé,ìfọ́kọrẹ́,micah,akiyesi,àjẹkù,
mandela,ladéjomore1,láàfin,léwu,gbẹ̀hin,bẹ̀bẹ̀,aládélúsi,ọkunrin,ọlọ́rọ̀,iwaagbara,
marwa,lágbàlá,laanu,liverpool,kẹtàlá,ọ̀mùtí,aisan,female,oòrùn,orogún,
mbá,lãnu,làbọ̀sinmi,ló,shehu,aimọ,bọmọ,npe,àtijọiṣẹ́,wákà̀̀tí,
mbi,láṣọ,lailai,lò,idá,ya,nilẹ̀,gbáradi,kérésì,inu,
mbinu,láyé,làpálàpá,lõ,pipè,aládétóyìnbó,atóbijùìbà,pọ,
me,láyè,laró,lọ,é,jata,kí,mẹrindinlọ́gbọ̀n,iléàpèjẹ,parẹ́,
mẹ́fà,layika,lásán,lódò,kate,dọ́gba,òṣikà,ẹ̀wẹ̀,
mejidinlaadọrin,lé,láya,lọ́dún,léní,okunade,ọ̀pẹ̀lẹ̀,njà,gbigbónọ́,egbògi,
méjilá,lè,láyọ̀,lọjọkan,aṣẹ̀dá,ẹgbãlemẹ͂dógún,mà,ifọwọsowọpọ,ṣọbinrin,dibàjẹ́,
méjìlá,lẹ,lèkà,lọ́nà,babátundé,kaná,ẹyẹ,
mẹrindinlãdọta,lérè,lélẹ̀,london,gáà,àjọṣepọ̀,ìmọtaraẹni,láfún,pada,ọjọ́ibi,
mẹrindinlọgbọn,lọbabaláwo,lènìyàn,lópó,ìṣọ̀lá,sọ́,ọ̀lẹ,tara,
miòṣé,lọ́jà,lèrè,lọ́rẹ,ero,lẹ́ni,oníṣẹ́ilé,titi,
mo,lọmọ,léti,lóríoyè,aadọta,bóyá,tafà,obìnirin,èkeji,ondo,
mọ̃,lórú̀kọ,leyin,lọ́wọ́lọ́wọ́,dara,fèrè,iléṣà,tàsé,jínjìn,iléìkàwé,
mobọ́láji,losùn,lí,loye,aṣòfinipinlẹ̀,ẹdẹgbaalelọgọta,adọọta,àìríjẹ,ìwọ̀sí,chavez,
mọ́jú,lówó,ló́,lóyè,ọmọọ̀dọ̀,àrọ̀irọ̀,wúlò,ẹgbẹ̀wá,dalẹ́,ńná,
mu,lóyẹ,lódó,lùlù,ká,gbàwá,àpèjẹ,ìkánjú,yί,èèmọ̀,
múdè,m,lọjọ́,maa,ọ̀ṣun,ìgbá,lọdún,iṣile,òsìkà,aàrẹ,
murray,mágbọ,lọ́jọ́,májẹ,ọmọniyi,telọ,ṣubú,olé,síse,yàn,
musulumi,mãlu,lọ́kọ́,mẹdogún,òwíyé,nitotọ,italy,oore,jọ̀wọ́,ẹ̀mí,
ń,matter,lọna,meeji,lẹ́wù̀,ọ̀gọ̀pẹ,gbìyànjú,olè,ńhàn,óburú,
ná,méji,lóri,mẹfa,òṣèré,ìlérí,bẹ̃bẹ,nfi,ambọde,márùndinlọ́gbọ́n,
nà,mejidinlogun,lọ́ṣẹ́,méjilélogóji,ifihàn,bàbá,ayánilówó,amúnisìn,maàròkàn,ini,
nã,mejila,lowe,mejilélógún,dídó,ẹnìkan,gẹ́gẹ́,agboòrùn,badamasi,ṣọ̀pọ̀ná,
nairaland,mẹrindinlọgọta,lowo,merin,ìlúòyinbó,ńtú,onígbàgbọ́,igbalélógòji,ifẹ,owoh,
ńdún,merindinlogun,lọwọ́,mẹrinla,fèrèsé,nba,agbógun,dinkùikú,alugbinrin,akurẹ,
new,mẹ́rinlélaadọrin,lọ́wọ́,mẹrinléladọta,olówó,ẹ̀ko,yalé,kede,ndun,ojiji,
ńfà,mẹ́tàdínlọ́gbọ̀n,macia,merinlelogbon,diẹdiẹ,arẹ́gbẹ́sọlá,igb̀a,lọhun,osinbajo,rẹ̀,
nfẹ́,mẹ́tàlélọ́gbọ̀n,makékéké,mẹta,ọti,egbò,ikókó,gbìmọ̀,àwon,gẹẹsi,
ngbiyanju,mẹwa,mariam,mimu,nkéde,oníṣègùn,iyàwóèsi,dẹ̀,
nhu,mọ́lẹ̀,marundinlọgọrun,mofẹ́,ḿbá,yiọjọ́,layé,gbẹ́kẹ̀lé,lojiji,npẹ,
níbòji,mọ̀nàmọ́na,marunlélógún,mọ́kàndinlọgbọn,ṣẹ́kù,agogo,t,ṣólànà,aláini,ìpalẹ̀mọ́,
nígbátí,mọ́tò,máṣe,mọ́kànlélãdọrun,agbami,àkọ̀bí,ayọ̀ọ̀tàfa,atọrọjẹ,asọ̀,ìṣẹ́gun,
nii,mù,mba,muhammadu,ahinde,àpérò,ọ̀yọ́,olootọ,à̀yè,ogunabẹ́le,
nílé,mun,mbaja,múṣu,àwin,ṣiṣe,iléòsèlú,ìwémẹ́fà,ebi,gbilẹ̀,
nípàtàkì,múra,ḿbẹ,náíjíríà,isin,yọ́ni,àárẹ̀,ga,nigbati,aiyede,
niṣe,mùsùlùmi,ḿborí,nàíjírià,gbọ́,paniyan,onikálukú,ùgbà,nmọ̀,lówà,
nítorí,múwá,mbu,nairabi,ẹgbẹwalemẹtala,àrólé,náwó,méjèjì,jẹ̀bi,taratara,
nitorina,n,mẹ́ja,nbaa,ẹ̀,aláìgbọràn,ìjòyè,ńfi,
niyanju,naijeria,mejeeji,nbajẹ,àgàbàgebè,kolẹ,fun,ẹ̀min,gún,ìsimi,
ńké,nasir,mẹjọ,nfàbọ̀,ẹnìkejì,marundinlọgọta,mí,yinyin,iwuri,
nki,ndabẹ,mèrò,ǹgbìyànjú,pá,tipátipá,ìfowópamọ́,àtakò,àdábá,òwìwí,
nko,ńdarapọ,metadinlọgọrin,nkọ́,fẹ́ni,qunuaiku,ṣẹ́lẹ̀,aláago,tsarnev,abẹ́lẹ̀,
nkurunziza,nfá,mẹtadinlọgọrun,ńkọ,è,iraq,kì,ìdárayá,olè̀,rè,
nlá,nfà,mẹ́tàlélogbon,ńkú,yọ,dariji,lọ́lá,jẹ́un,ọkọ̀òfúrufú,pò,
ńlo,ńgbé,mẹ́ùrà,nkúrò,jo,igbá,amọ̀,ge,
ńpa,nígbàtí,mẹ́yà,nla,irà,èsìn,ìtọ̀,iṣẹ,titun,mẹtala,
ńpe,nímú,mi,nlãgun,ọ̀tàfa,dùn,orire,ijà,gbe,ṣèlérí,
ńpin,niwọn,miràn,nlo,ẹ̀jẹ̀,tàn,ọmọèsì,ẹgbẹ̀rúnmẽjilemẹtala,ṣòwò,ọdún,
ńpọ́n,niya,mobọ́lájí,nlọ,babá,fọ,ọ̀tọ̀tọ̀,àjọ̀dún,
ńrágó,niye,monamona,nma,àmúlùmálà,iléẹ̀kọ́,iyi,ìlúoba,ńdarapọ̀,alajẹtan,
nrelé,niyèkan,mọ́ra,nọ́,àpà,atare,ìgbàlode,yóko,ni,karùndinlógún,
nrọ̀,niyi,mọ́ṣẹ,nparapọ,‘ìyálóde,aṣájú,ẹgbàálémẹ́rìndínlógún,paimọ,fẹni,nίtorί,
nta,njade,ms,nparẹ́,iwàkuwà,ye,dákun,áti,yeran,gburo,
nti,njẹ́,mú,ńpọ̀,ọ̀kanjúà,mẹtalelogoji,iṣẹ́,nṣeni,oníjà,pípè,
nto,njò,mubarak,nrẹ̀hìn,jésù,elérò,ìtìjú,nù,mẹ́tàléladọta,ki,
nwa,nkàn,múdàṣírù,ńri,mtn,tàbí,idámẹrin,jẹ́,
nwe,nkígbe,múrá,nrọ,pẹ,agbejoro,sílẹ̀,àkokà,agbejọ́rò,
ńwé,nkó,na,nṣe,samueli,olúbùṣe,ọrun,nitõtọ,aṣọòkè,jìn,
nwu,nkọ,naijiria,ntẹ́,bẹ́ẹ̀bẹ́ẹ̀,líle,ló̀ri,gbójúlé,ìjayà,
ọ́,nkọrin,nàíjíríà,ntuka,ọkà,ifa,amóhùnmáwòrán,èwe,ọọni,iṣu,
ọbàkan,nkun,nbẹ,nwò,ìrìnsẹ̀,dada,ìbèrè,elòmiràn,eleyi,iroyin,
ọbaorin,nmọ,ńfa,nya,oriire,irinṣẹ́,aya,ojuṣe,nítan,ìbímọ,
ọ̀bẹ,ńreti,ngba,nyi,lẹ́hìn,ninu,okin,ìkìlọ̀,arúgbó,iléowó,
òde,nronú,ngbà,nyin,parapọ̀,tumọ,jimmy,li,ajinde,ó́,
ọdẹ,nṣẹlè,ngbayi,ọbásanjọ́,apá,ọmọtuntun,mugabe,wọ́nú,làńwò,clissod,
ódìgbóṣe,ńṣẹlẹ̀,ngbe,obi,baga,search,ìránsé,àròkàn,oniwà,nú,
odindi,ńsin,ńgorí,obinrin,kilanko,omiyalé,niyànjú,
ọdọmọkunrin,nsọya,ńgun,ọde,ẹgbaalémétàlá,ẹ̀mi,àgbá,wáyé,
ọ̀fadà,nṣu,níbi,odua,ìlèṣẹ,gẹ̀ẹ́sí,ìṣẹ́gunwednesday,wọ̀n,káári,kòsọ́kọ́,
ọ̀fẹ́,nwo,nígbà,ọdú́n,wobiliki,ri,ẹ̀tẹ́,naira,abúlé,ìjẹ̀bú,
òfò,ńyọ,nilati,òfo,ṣẹ̀kẹ̀tẹ́,aginjù,òfúrufú,ọmọ́yẹmi,kòlè,oògùn,
ọfọ,nί,nitoìri,ofurufu,ẹkùn,òpin,alaimọ̀kan,odi,rocha,oloye,
ọgbọ́n,nίlé,níwọ̀ntúnwọ̀nsìn,ògbójúọdẹ,yíyí,́lo,ibikunle,kómọ,pòfo,etíle,
ogoji,ọbádáre,ńjà,ògòngò,adétutù,sun,kanra,olukọwe,silẹ̀,ilù,
ogunabẹ́lé,ọbẹ,njaya,ọgọrin,bẹ́ẹ̀kọ́,sọ́gbọ́n,ilẹ́,ìtàn,ọ̀sẹ̀,atẹ́gùn,
ògúnladéaládétóyìnbó,obìnrin,ńjìyà,ogunde,ndán,aláwọ̀dúdu,mẹ́gbẹ̀wá,fẹhinti,h,agbo,
ògúnlànà,ọ̀dà,nké,oja,olukọ,tinubu,janjan,lẹnu,ogbé,aránṣọ,
ògúnmọ́lá,òdodo,ńlò,òjiji,ìlàjú,èṣu,awó,albashir,yí,
õgunolóró,oduduwa,ńlọ,òjó,alabojuto,nbọ́,wọpọ,mẹ̃dogun,ayaọba,ifá,
ojei,òfì,npẹ́,òjọ́,amóhùn,larin,amúnusìn,olójú,
ọjọ́bọ̀,òfin,ńrẹ,ọjọ́ni,lohun,òròrò,awọ,àìgbọ́ràn,
ojoojúmọ́,òfú,ńsá,ojúirin,fọhùn,gọ̀,ẹ̀pa,kọjá,ihòho,òkèrè,
ọjọ́rúthursday,ọ̀gágun,nṣeré,ọ̀kánjúà,àkàràolóyin,léwó,akọ̀wéiroyin,eiye,oninakuna,oṣinọwọ,
ojú,ọgbẹ́,nṣèreéré,ọ̀kanlénigba,babaláwo,rirọ̀,oríṣiríṣi,imò,iyãfin,adarioko,
ojúmọ́,ọgbọ̀n,nṣi,òkèèrè,fín,kòní,kọkànlélogún,àpnọ̀,iranti,nbẹ̀rù,
ojúọjọ́,ògo,nṣiṣẹ,òkèòkun,bọlẹ̀,méjìdínlọ́gbọ̀n,dípò,akèrègbè,àtọwọ́dọ́wọ́,ọláyẹmi,
ọkánjúwà,ogóji,nsun,òkété,oyèyẹmi,kọlawọle,karundinlógún,dúró,àjàyí,ngbé,
okeokun,ògún,nu,okitipupa,ìwọ,ìṣẹ́jú,tọrẹ,erékùṣù,ọkùnrin,ẹnikeji,
ọ̀kín,ohunìtàn,ńwẹ̀,ọkọ̀̀,power,bẽre,ọmọyẹmi,mẹ́rìndínlọ́gbọ̀n,mohammed,tọ́jú,
ọkọ̀ilẹ̀,ójò,nwọ,ọ̀kọ́lé,ounjẹ,fihàn,larí,mọ́kànlélọ́gbọ̀n,èlò,nelson,
ọkọ̀ologun,õjọ,ńwò,ọkọọbẹ̀,kọṣìkàṣìkà,iwé,lórùn,pọ̀jù,tọ́ka,àbigbẹhin,
ọlọ,ọjọ́ajé,nίgbangba,ọkọòfurufu,ayérayé,‘epo,àkókò,kàsí,oṣèlú,ẹ̀bẹ̀,
ọlọ́mọ,ojúlùmọ̀,o,okun,aṣojú,jẹ́kí,d,ìyábàbabàbáọmọ,kejidinlogbon,àjẹbi,
olóògbe,ọ̀kánjúwà,ọba,okùn,súnkẹrẹ,rahùn,dun,ẹ̀sin,ḿbajà,ọ̀jọ̀gbọ́n,
olorì,ọ̀kẹ́,ọbabinrin,ọlá,olùkọ̀wé,amáyéderùn,má,ìdè,yakubu,igbelu,
olùdarí,okere,obo,ọlà,alágboorun,ṣùgbọ́n,nyọ́,mọ́kànlélógún,gòkè,láta,
olùjèrè,òkò,ọ̀bùn,ọlẹ,ẹlẹgun,nibẹ̀,mejilélógójì,iwàirẹ̀lẹ̀,ṣẹ̀ṣẹ̀,
olùtẹ̀,ọkọìyá,odidẹrẹ́,ọlọ́dà,jonathan,nbọ̀,yemọja,nbẹ́,olùkọ,péye,
omar,okunrin,ọ̀dọmọ̀kunrin,olókè,agbara,ńjẹ,iyá,ọbáfẹ́mi,wọn,ọbaolórin,
òmìràn,ọlágúnsóyè,ọdọọdún,olókun,abàmiẹ̀dá,ìkúùkù,òmìnira,ogún,ìgunpá,rẹíya,
ọ̀mọ̀,ọ̀lẹ̀lẹ̀,odun,ọlọ́là,èlùbọ́,tú,kẹ́kẹ́,ntọ,ẹ̀rọ̀,margaret,
ọmọkunrin,olóhun,ọdun,olórí,awon,àdúrà,omiẹlẹgbin,tò,kíkà,digun,
ọmọmọ,ọlọ́jà,ọ̀dúndún,olóríọdẹ,ndójútini,u,rinnigbati,ejò,
ọna,ọlọ́jọ́,òfi,olórogún,bámọ̀,kòkòrò,adigun,mẹrinlélọgọfa,ayéàgbẹ̀,jomijòkè,
onidajọ,olóko,ò̀fin,ọlọti,pinpin,igbà,àlèbú,ranti,
onífèrè,oloogbe,ọ̀gá,olùbágbé,yẹmi,méjìlélógún,un,eni,tókù,bẹnu,
onigbalẹ,olósùn,ọgbin,olùdari,ìjàagbára,àkùkọ,ewédú,iṣẹ́ijọba,ọ̀tẹ́dọlá,dídùn,
oníjò,olóyè,ògbójú,olùpàṣẹ,adébọ̀wále,dàgbà,kàrìnkàn,kọja,ipàniyàn,ọ̀tun,
onikálùkù,olú,ògìra,olùṣọ́àgùntàn,ọbá,àtilẹhin,ọ̀gẹ̀dẹ̀,ọlọ́gbọ́n,gbã,ọ̀bọ,
onínkàn,olúyẹmi,ogójì,omiẹ̀rọ,ibẹ̀rù,õrun,níwọ̀ntúnwọ̀sín,agbè,ibò,olùdásílẹ̀,
onínú,omi,ọgọrunlemeji,òmíràn,ìbẹ̀wò,tótòtó,iléìwòsàn,òhun,ọ̀tẹlẹ̀múyẹ́,ãjo,
onírọ́,ominira,ò̀gùn,ọmọdé,nsa,ènìà,àìnítìjú,sira,ìtọ́júdéjì,paul,
oníṣẹ́,òmiràn,ogunmọla,ọmọge,ìrírí,èsi,rán,sὺnre,wulo,irin,
oníṣòwò,omíyalé,ohun,ọmọọmọ,mona,adiẹ,wiwa,irọ̀,iwòsàn,láìsí,
ọ̀rá,omo,òhún,oni,ọ̀kán,fẹ́rẹ̀,bàbá́,ójiji,african,pãli,
ọ̀ràn,ọmọ,ojúogun,onigbèsè,ẹ̀bùn,oyekan,iléifẹ̀,iṣòótọ,òkúabameta,ìyàwó,
oríire,ọmọwunmi,ọkàn,oníke,ẹnikẹni,alarobọ̀,bà,kẹwa,pẹ́pẹ́yẹ,nja,
oríkì,ondó,ọ̀kọ̀,onílé,dasukiọ̀rọ̀,àkọ́kọ́,kẹrindinlógún,agbalésanwó,ajá,farabalẹ̀,
orilẹ́,oníhìnrere,òkun,onírúurú,nile,lóyin,ìrẹ̀,nkan,dàbi,ìṣẹ́,
orilẹ̀,oniṣẹ́oṣ̀u,olõgbé,oniṣẹ́ẹ̀rù,sórí,onígbá,reti,poun,òkitiọ̀gán,iyálé,
orilẹèdè,oniyọ,oloku,oníṣẹ́ìjọba,òṣèlú,sálọ,idaji,igun,aláìláwòrán,ilúòyinbò,
oriṣirisi,òòjọ́,olokun,òniyàtọ̀,kika,mimun,àkàrà,ẹ̀san,mẹtadinladọrun,
ọrọ̀,ọ̀rẹ́,olóriogun,oojọ,gori,rọ́jú,wèrè,ọjọ́rú,ìdájọ,mẹdogun,
òru,orí,ọlọrunẹ,ọra,àpá,ibẹ̀rẹ̀,pín,fọ́jú,ikilọ̀,sẹlẹ̀,
orúkọ,orilẹ̀èdè,olóyìnbó,ori,bankanthony,lọgbọn,ùn,ikun,ọfẹ,hubert,
orun,ọrọ̀,olúọdẹ,òrìsà,ẹlẹ́sin,féràn,yọjú,iná,àmọ̀tẹ́kùn,ayélujára,
oṣe,ọsàn,oluwa,òrìṣàomi,gbàdúrà,padá,ẹṣẹ,àwáwí,ẹ̀yà,lekeleke,
òsèlú,ọsẹ̀,omiran,oró,sudan,oṣ́u,gèlè,ibẹta,ọjọ́àìkú,ìrọ̀rùn,
òsi,òṣèlu,ọmọdunni,orò,madiba,ńmọ,iku,dìbò,
ọ̀sun,òṣè́lú,ọmọgbemi,òrombó,òfófó,tọju,iyáiwé,lọnaàjàpá,ẹlẹ́fun,lampedusa,
oún,óṣeni,ọmọìyá,òsèlu,ké,ìyálóde,ẹlẹkoijinlẹ,sùgbọ́n,ṣugbọn,bíbọ̀,
owó,òṣì,ọmọ́kú,òṣèlú́,lómi,adebiyi,irè,michael,‘lúàmi,darí,
owó́,ọ̀sìn,onibárà,òsì,tijó,hebdo,lagosó,fà,ibaje,ìwòran,
ọẃọ,òṣinbàjò,oníkálukú,òṣìṣẹ́,itumọ̀,síbẹ,pípa,àsèjẹ,ikóyọ,wálẹ̀,
owóèlè,òṣìṣé,onilé,òṣómàáló,kejilélógún,oye,amósùn,ẹsẹ̀,ojúbọ,rágó,
owóoṣ̀ù,ọtí,onimọijinlẹ̀,ọ̀sọ̀sà,ògúná,ὸfin,pàṣe,bàjẹ,
owú,òtòṣì,onínúure,ọ̀tàfaéré,dẹbi,dáwọ́,ẹgbãlemẹ́tàlá,ifọṣọ,jà,og̀bójú,
òwú,ọ̀wẹ̀kunéré,oníròyìn,òtítọ́,ijẹkújẹ,ẹgbãlémẹ̃dógún,síbẹsíbẹ,ìsàlẹ̀,tẹramọ́,unkìnìún,
oyà,owomoyela,oniṣẹ́oṣù,ọ̀tún,òṣó,tọmọ,aláisàn,tóda,ọla,iránṣẹ́,
paáìyà,oyinlọlá,oniṣòwò,oúnjẹ,ìsìnku,ìtumọ̀,mẹ͂dógóji,mú́ra,gbójú,ọmọde,
panú,pákí,opó,òwe,ekeji,dẹ̀rọ̀,ẹ́,àìgbọràn,ìbáwí,àimọye,
pãpa,pankara,ọpọlọpọ,òye,ìrókò,kẹtàdìnlógún,tòde,ọ̀gbẹ́ni,àbọ̀,hu,
papọ̀,panla,orílẹèdè,òyi,iyán,èkiti,ọ̀tí,ẹ̀gbẹ,ṣọ̀wọ́n,kawọn,
parí,paṣẹ,orílẹ̀èdè,oyin,tiki,tó́,iwéigbelu,tinumi,
paris,pàtẹ́wọ́,òrìṣa,ọyọ,korira,ìkà,siwájú,ńyé,
pàtàki,pọn,oriṣiriṣi,pàa,ṣánlẹ̀,kówó,polówó,ọ̀run,barrister,ẹ̀báọ̀nà,
pàtàkì,queen,orlando,pàápàá,mẹ̃dọgbọn,olurohunbi,tutù,gẹ̀ẹ́si,
pẹ́,rá,ọrọ,pàdánú,olómi,wọ̀lú,oro,ìbílẹ̀,kikà,eniyan,
pẹran,rà,ọ̀rùndinlógóji,parẹ,iléàyágbé,mọ́kànlá,tọwọ́tẹsẹ̀,gorí,nkánjú,olúilú,
,raa,ọsinni,péjọ,ìlara,daniel,lẹhìn,sé,bàláágà,àkọsílẹ̀,
pí,ráhùn,osu,pinu,bùbá,ipinu,kẹta,nipa,ọ̀tẹ̀,ẹkọijinlẹ,
pùpọ̀,rántí,ọ̀tọ̀,pipe,lará,méjìlélógójì,ọ̀gbin,ṣèré,eti,ndàgbà,
ra,ray,òtòṣi,pipẹ́,tọ́jọ́,nwà,ibìkan,àwòkọ́ṣe,igbéyàwóolórùka,j,
ràsákì,rẹpẹtẹ,ọwọ́,pìwàdà,zulu,ṣù̀gbọn,ńṣe,kọ́gbọ́na,ìyágbọ́,àbá,
re,rice,ọwọ̀,r,gbọdọ̀,ńparẹ́,ọ̀kànlélógún,onímú,bọ̃li,òṣùpá,
referendumni,rirò,ọyẹ́,ránti,ẹhin,alli,pẹnupọ̀,ìtàgé,fùn,fẹ̀,
rín,ronu,oyinbo,ribi,ìkan,tọ̀nà,jiyà,ìròyìn,yorùbá,
rira,ronú,ọ̀̀yọ́,ribiri,oloro,mọ,àárọ̀,owé,rirun,agọ̀,
ríríjẹ,sánsán,paábába,ríra,ẹgbẹ̀rúnméjìlémẹ́tàlá,dèmί,gbamú,kọ́lá,àbẹ́là,ila,
riru,sányán,panumọ́,ríro,àṣimú,olúwa,tálákà,alugbirinrin,ḿbẹ̀,kúru,
ro,sẹ́hin,pápá́,rírò,dín,ẹ̀rọowó,thorlani,2013,nyangàn,ìdà,
rọ̀,ṣerí,pàṣẹ,ríru,ìjoba,àmù,lúgọ,jù̀,nbere,iṣe,
rògbòdiyàn,sí,peckham,rírú,ẹbí,àáké,àtẹ̀hin,bàtà,iléẹ̀kọ,timútimú,
roni,sísun,pẹ̀lẹ́,rọ̃,idáọgọrun,pèsè,jobì,mẹ́rinlèlógún,ijeṣa,ataare,
roof,sómi,pèse,rulingìjọbaàpapọ̀,kà,ẹlẹgbẹ́,òkèlè,àśaró,iṣákọ́lẹ̀,jàpá,
rúbo,sọni,pierre,rί,jíjà,oniṣẹ́,àgọ́,kùn,iìúọba,orisun,
rúbọ,ṣọ́ọ̀ṣì,pọ̀,sa,irinna,tiwa,adébùkọ́lá,ìtàkùn,sọnù,àdánù,
ṣáájú,sọ́tọ̀,pọ̀ìṣégun,sàkáni,aajo,lorúkọ,loni,bọ́sí,jáyà,kalẹ̀,
ṣán,sowọ́pọ̀,pọ̀ju,samuel,owóifẹhinti,òùngbẹ,ojúomi,ṣú,
sanwó,stella,pọ̀si,san,báyé,kárakára,ifowópamọ́,f,ẹjọ́,kejilelogun,
sáré,subú,protestersikú,sàn,ẹ̀kọ,dire,ìjáyà,ntiwa,lehin,sọ,
ṣé,ṣúgà,purọ́,se,je,tẹ́,dákúdáji,gbẹ̀san,wọ́nyìí,àṣejù,
ṣè,sunkún,raji,ṣègbé,abínibí,èsì,tẹpámọ́ṣẹ́,olúróhunbí,oniruuru,àjó,
ṣẹ,sùúrù,rájí,ṣeré,dọ̀dàn,nìkan,méjìdínlógún,jọba,já,ẹgbã,
ṣẹ́,tàbί,ramúramù,serun,iléiwòsàn,sinú,nibiti,miran,níhun,àwòkọ̀ṣe,
ṣẹ̀,taló,ránṣẹ́,ṣetán,àmàlà,ú,àbíkú,njẹ,idà,àpò,
ṣí,tani,rárá,si,érè,ọ̀rọ̀ọ́,dùndú,aiku,
ṣì,tanimọ̀la,relé,sì,éré,ẹgbãlemẹrindilogun,irọlẹ,bibéli,
,́sí,tãnu,ríbà,sijuwade,èèwọ̀,ènìá,ìdílé,ojuàgbàrá,ṣ,àìmétè,
síbẹ̀,tẹni,rírọ̀,sílé,nínú,ndún,mọ̀nàmọ́ná,pòórá,
sikiru,tẹpá,rú,silẹ̀oṣí,ẹ̀rọàkàbà,ajẹjẹ,òkèokun,nfa,nsọ,rẹ́,
sílẹ,thatcherwọn,rù,ṣirò,majẹ,ẹgbẹrunmejiiemẹtala,àmọ̀tékùn,ọmọlóre,níyànjú,nsaán,
sise,tiẹ,savile,so,kọju,àgbọ̀nrín,lẹ̀,militants,
ṣiṣẹ́,tìtì,sẹ́,ṣoriire,ìtọ́júile,jẹ́wọ́,ìpínlẹ̀,ikeji,àmunpara,epoọkọ̀,
síwà,tíwọ́n,sẹhin,sọ̀rọ̀,ẹlẹ́kún,lèrò,ógbé,afàyà,máwòran,ẹyin,
sọmọ,tìwọn,ṣẹlẹ,ṣoṣo,dágbére,pààrọ̀,wiwo,pajẹ,mejilelogun,fidi,
ṣọ́ra,tọkàntọkàn,ṣèyí,sowọ́,oṣogbo,ìjbọbaàpapọ,lọla,ọjọ́bọ̀,ńsáré,
ṣ̀ugbọ́n,tolèdá,ṣibi,ṣù́gbọ́n,ìmàle,àṣeyọrí,lọdọ,ìlà,orile,rẹ,
sún,tọrọ,ṣíbí,sunre,okoigbálódé,ikòtò,oṣí,bímọ,
súnmọ́,totọ,siso,sùnre,jakande,lójiji,òkè,‘so,ẹṣin,òṣiṣẹ́,
tõtọ,ṣọdún,tako,pupa,ṣẽ,wípé́,lódé,rọgbọ,láti,
tún,ṣófo,tanwò,lókèòkun,ilúòyìnbó,ọjà̀,elédùmarè,àgbọ́sọ,onílàjà,
tàná,túndé,ṣọ̀tá,tataṣe,pè,wú,ọrin,ọ̀gbìn,
tẹ̀,tungbe,ṣugbon,tẹ̀dó,enití,ọ̀tọ,púpọ̀,lu,ewurẹ,ḿba,
tẹ̀le,tuntun,sùn,tẹ̀mbẹ̀lẹ̀kun,dòdò,rere,nṣẹlẹ̀,ẹgàn,ọlọnajijin,yànmùyánmú,
téré,tẹ,tere,ẹ̀dẹ́gbẹ̀ta,lókùn,ìgbàgbé,aláìs̀an,eré,
terin,tete,tilẹ,rẹ́ni,ṣégbé,fẹ̀hìn,ẹ̀gẹ́,ijọ,biya,
tẹ̀ríntẹ̀rín,wa,tìrọ̀,ndari,ààntéré,ńjẹ́,oyè,ìrántíọjọ́rú,aworẹrin,
títọ́,tóbi,abiọ́lá,okùnadé,òwò,iwàibàjẹ́,ìmọ́,
tiítí,wẹ,tolèhù,tógbó,darapọ̀,àkọ́bi,ọ̀dá,gũsu,kòsọ́gbọ́n,ètùtù,
tiraka,wẹ̀kunéré,tolèmọ̀,tóní,isinkú,sinimá,mọ́kàndinlógójì,yíyọ,
tiwọn,wi,tòó,tori,mbọ,àtojúbọ̀,tί,pupọ,
tobini,wikipedia,tòrò,trump,jọ̀lọ̀,àsáró́,lérò,silé,gbọ́mọgbọ́mọ,amúkun,
tòhun,tίtί,túnṣe,ẹ,mẹtadinlọgbọn,tirẹ,ṣòkòtò,máa,ìlúọba,
tóó,wipé,ún,tura,‘kò,dìmú,pète,orílẹ̀,ọlọ́ti,erin,
tu,wípéàjàpá,wàjà,nsè,dasuki,ndé,àpọ̀n,lọ́sọ̀sẹ̀,láwùjọ,
tùmọ́,wípeí,wí,wálé,ẹ̀bà,congress,digbó,william,
wàarè,wíwọ̀,wíwọ,wẹ́,àpè,ahéré,ẹ̀fọ́rí,sóyà,tan,
wákàtí,wo,wọ́po,wẹ́rẹwẹ̀rẹ,ọ̀gẹ̀dẹ̀wẹ́wẹ́,kúkúrú,gaddafi,lujára,woroworo,òjijì,
wẹ̀,wó,wumi,wípé,iṣẹ́jú,ìparí,boko,lẹgbẹ,dédé,owe,
wéré,wò,wúwo,wiwọ̀,elòmìràn,ìrìnà,ẹsinsun,àlàyé,lè̀,àsèpọ̀,
wíwo,wọ,yàrá,wọlé,dojú,pataki,mã,of,ṣàdúrà,páálí,
wọnẹ,wọ́,yáwó,wọnú,nsáré,àjòji,ọmọdéiié,adeolu,gbèsè,ìfẹ́,
wọ̀nyí,wọ̀,yẹ́yẹ́,wonyi,nsọ̀rọ̀,gígún,lọ́kàn,dè,kẹrinlélógún,èlèló,
wúrà,wίpé,yiìwé,yáníbo,yó,kẹrindinlọ́gbọ̀n,ìjọba,lèrọ̀,nmu,
yá,yálà,yin,yé,lájà,rò,gbaguda,diẹ̀,kòkó,ńpè,
yà,yangàn,yọ̀,yẹ,ìdábẹ́,ró,ọ̀be,asiko,oúnjẹàìtó,ilofi,
yangà,yani,yoku,yẹpẹrẹ,rí,ṣíṣe,rin,eyiọ̀pọ̀lọpọ̀,gbàwìn,oorun,
yanjú,yẹ̀wò,,yio,taràràni,jί,bẹbẹ̃,kíbà,
yínmú,yípadà,yíyọ̀,rọ̀bì,mọye,won,aláwọ,
yọ́yọ́,yún,yọ́,ijapa,àánú,sisè,mọ́kàndinlógóji,atọ́kùn,góminà,
yorúbà,kọrin,apẹ̀rẹ̀,run,dẹ,fabiyi,gbéwa,
